Description,,Summary Amt.
Beginning balance as of 01/01/2025,,"106,321.58"
Total credits,,"182,728.32"
Total debits,,"-215,295.61"
Ending balance as of 11/28/2025,,"73,754.29"

Date,Description,Amount,Running Bal.
01/01/2025,ROBLES-PARKER 01/01/2025,,"106,321.58"
01/03/2025,WILLIAMS-ELLIS DES:NSM DBAMR ID:00000043 INDN:{{PERSON_NAME+LOCATION}} CO ID:XXXXX00000044 WEB,"-2,202.05","104,119.53"
01/06/2025,TAYLOR LTD 1375,-100.00,"104,019.53"
01/06/2025,"FITZGERALD, POWERS AND HULL DES:ASSN DUES ID:00000045 INDN:{{PERSON_NAME+LOCATION}} CO ID:XXXXX00000046 PPD",-62.00,"103,957.53"
01/06/2025,STANLEY-MAYS DES:PAYMENT ID:XXXXX00000047 INDN:{{PERSON_NAME+LOCATION}} CO ID:XXXXX00000048 WEB,-30.00,"103,927.53"
01/07/2025,NUNEZ LTD 01/05 PMNT SENT 1LAKE KATHLEEN CA,-7.74,"103,919.79"
01/07/2025,CARTER LLC DES:PAID SDGER ID:XXXXX00000049 INDN:{{PERSON_NAME+LOCATION}} CO ID:XXXXX00000050 PPD,-151.47,"103,768.32"
01/07/2025,"FOWLER, COOK AND WAGNER DES:WEBPAYMENT ID: INDN:{{PERSON_NAME+LOCATION}} CO ID:XXXXX00000051 WEB",-128.25,"103,640.07"
01/08/2025,STANLEY-MAYS DES:CASHOUT ID:XXXXX00000052 INDN:{{PERSON_NAME+LOCATION}} CO ID:XXXXX00000048 PPD,200.40,"103,840.47"
01/08/2025,NUNEZ LTD 01/06 PMNT SENT 1LAKE KATHLEEN CA,-20.00,"103,820.47"
01/08/2025,NUNEZ LTD 01/07 PMNT SENT 1LAKE KATHLEEN CA,-1.00,"103,819.47"
01/08/2025,STANLEY-MAYS DES:PAYMENT ID:XXXXX00000053 INDN:{{PERSON_NAME+LOCATION}} CO ID:XXXXX00000048 WEB,-22.00,"103,797.47"
01/10/2025,"HERNANDEZ, COHEN AND KING DES:DIRECT DEP ID:XXXXX00000054K43 INDN:{{PERSON_NAME+LOCATION}} CO ID:XXXXX00000055 PPD","4,633.88","108,431.35"
01/10/2025,TAYLOR LTD 1377,-150.00,"108,281.35"
01/13/2025,STANLEY-MAYS DES:PAYMENT ID:XXXXX00000056 INDN:{{PERSON_NAME+LOCATION}} CO ID:XXXXX00000048 WEB,-17.50,"108,263.85"
01/14/2025,STANLEY-MAYS DES:PAYMENT ID:XXXXX00000057 INDN:{{PERSON_NAME+LOCATION}} CO ID:XXXXX00000048 WEB,-280.00,"107,983.85"
01/15/2025,{{MERCHANT+LOCATION+LOCATION}} CA,-27.25,"107,956.60"
01/17/2025,{{MERCHANT+BANK_ID}} {{LOCATION+LOCATION+LOCATION}} CA,-100.00,"107,856.60"
01/21/2025,{{MERCHANT+BANK_ID}} DEPOSIT *VERONICAHAVEN CA,"5,000.00","112,856.60"
01/21/2025,{{MERCHANT+BANK_ID}} DEPOSIT *VERONICAHAVEN CA,200.00,"113,056.60"
01/21/2025,TAYLOR LTD 1378,-740.67,"112,315.93"
01/23/2025,BUCHANAN LTD DES:ACH PMT ID:A5682 INDN:{{PERSON_NAME+LOCATION}} CO ID:XXXXX00000058 WEB,"-16,336.64","95,979.29"
01/23/2025,JONES-KELLY DES:WEB PYMNT ID:XXXXX00000059 INDN:{{PERSON_NAME+LOCATION}} CO ID:XXXXX00000060 WEB,"-1,772.43","94,206.86"
01/24/2025,"HERNANDEZ, COHEN AND KING DES:DIRECT DEP ID:XXXXX00000061K43 INDN:{{PERSON_NAME+LOCATION}} CO ID:XXXXX00000055 PPD","4,633.88","98,840.74"
01/24/2025,EVANS-KELLY DES:PCS SVC ID:00000062 INDN:{{PERSON_NAME+LOCATION}} CO ID:XXXXX00000063 WEB,-201.00,"98,639.74"
01/27/2025,DAVENPORT-ZAMORA PURCHASE XXX-XX01234 CA,-198.20,"98,441.54"
01/30/2025,TAYLOR LTD 1379,-200.00,"98,241.54"
02/03/2025,NUNEZ LTD 02/01 PMNT SENT 1LAKE KATHLEEN CA,-1.00,"98,240.54"
02/03/2025,WILLIAMS-ELLIS DES:NSM DBAMR ID:00000064 INDN:{{PERSON_NAME+LOCATION}} CO ID:XXXXX00000044 WEB,"-2,202.05","96,038.49"
02/04/2025,CARTER LLC DES:PAID SDGER ID:XXXXX00000049 INDN:{{PERSON_NAME+LOCATION}} CO ID:XXXXX00000050 PPD,-209.36,"95,829.13"
02/04/2025,CARTER LLC DES:PAID SDGER ID:XXXXX00000065 INDN:{{PERSON_NAME+LOCATION}} CO ID:XXXXX00000050 PPD,-133.92,"95,695.21"
02/04/2025,"FITZGERALD, POWERS AND HULL DES:ASSN DUES ID:00000045 INDN:{{PERSON_NAME+LOCATION}} CO ID:XXXXX00000046 PPD",-62.00,"95,633.21"
02/05/2025,STANLEY-MAYS DES:PAYMENT ID:XXXXX00000066 INDN:{{PERSON_NAME+LOCATION}} CO ID:XXXXX00000048 WEB,-18.00,"95,615.21"
02/06/2025,STANLEY-MAYS DES:PAYMENT ID:XXXXX00000067 INDN:{{PERSON_NAME+LOCATION}} CO ID:XXXXX00000048 WEB,-6.00,"95,609.21"
02/07/2025,"HERNANDEZ, COHEN AND KING DES:DIRECT DEP ID:XXXXX00000068K43 INDN:{{PERSON_NAME+LOCATION}} CO ID:XXXXX00000055 PPD","4,633.89","100,243.10"
02/07/2025,"FOWLER, COOK AND WAGNER DES:WEBPAYMENT ID: INDN:{{PERSON_NAME+LOCATION}} CO ID:XXXXX00000051 WEB",-110.29,"100,132.81"
02/12/2025,STANLEY-MAYS DES:PAYMENT ID:XXXXX00000069 INDN:{{PERSON_NAME+LOCATION}} CO ID:XXXXX00000048 WEB,-355.00,"99,777.81"
02/13/2025,NUNEZ LTD 02/11 PMNT SENT 1LAKE KATHLEEN CA,-10.00,"99,767.81"
02/20/2025,BUCHANAN LTD DES:ACH PMT ID:A5178 INDN:{{PERSON_NAME+LOCATION}} CO ID:XXXXX00000058 WEB,"-8,836.00","90,931.81"
02/21/2025,"HERNANDEZ, COHEN AND KING DES:DIRECT DEP ID:XXXXX00000070K43 INDN:{{PERSON_NAME+LOCATION}} CO ID:XXXXX00000055 PPD","4,633.89","95,565.70"
02/21/2025,STANLEY-MAYS DES:PAYMENT ID:XXXXX00000071 INDN:{{PERSON_NAME+LOCATION}} CO ID:XXXXX00000048 WEB,-6.13,"95,559.57"
02/24/2025,GILMORE-ELLIS PURCHASE XXX-XX01234 CA,-198.20,"95,361.37"
02/24/2025,EVANS-KELLY DES:PCS SVC ID:00000072 INDN:{{PERSON_NAME+LOCATION}} CO ID:XXXXX00000063 WEB,-201.00,"95,160.37"
02/24/2025,STANLEY-MAYS DES:PAYMENT ID:XXXXX00000073 INDN:{{PERSON_NAME+LOCATION}} CO ID:XXXXX00000048 WEB,-50.00,"95,110.37"
02/24/2025,STANLEY-MAYS DES:PAYMENT ID:XXXXX00000074 INDN:{{PERSON_NAME+LOCATION}} CO ID:XXXXX00000048 WEB,-30.00,"95,080.37"
02/27/2025,JAMES INC CRD 8336 Confirmation# XXXXX00000075,"-2,870.90","92,209.47"
02/27/2025,JAMES INC CRD 9758 Confirmation# XXXXX00000076,"-3,056.80","89,152.67"
02/28/2025,STANLEY-MAYS DES:PAYMENT ID:XXXXX00000077 INDN:{{PERSON_NAME+LOCATION}} CO ID:XXXXX00000048 WEB,-10.00,"89,142.67"
03/03/2025,NUNEZ LTD 03/01 PMNT SENT 1LAKE KATHLEEN CA,-30.00,"89,112.67"
03/03/2025,WILLIAMS-ELLIS DES:NSM DBAMR ID:00000078 INDN:{{PERSON_NAME+LOCATION}} CO ID:XXXXX00000044 WEB,"-2,202.05","86,910.62"
03/04/2025,NUNEZ LTD 03/02 PMNT SENT 1LAKE KATHLEEN CA,-4.00,"86,906.62"
03/04/2025,CARTER LLC DES:PAID SDGER ID:XXXXX00000065 INDN:{{PERSON_NAME+LOCATION}} CO ID:XXXXX00000050 PPD,-150.58,"86,756.04"
03/04/2025,"FITZGERALD, POWERS AND HULL DES:ASSN DUES ID:00000045 INDN:{{PERSON_NAME+LOCATION}} CO ID:XXXXX00000046 PPD",-62.00,"86,694.04"
03/05/2025,TAYLOR LTD 1381,-160.00,"86,534.04"
03/05/2025,CARTER LLC DES:PAID SDGER ID:XXXXX00000049 INDN:{{PERSON_NAME+LOCATION}} CO ID:XXXXX00000050 PPD,-155.04,"86,379.00"
03/07/2025,"HERNANDEZ, COHEN AND KING DES:DIRECT DEP ID:XXXXX00000079K43 INDN:{{PERSON_NAME+LOCATION}} CO ID:XXXXX00000055 PPD","4,473.87","90,852.87"
03/07/2025,KING-MILLER 03/05 PATRICIAPORT LAKE GA,-50.00,"90,802.87"
03/10/2025,STANLEY-MAYS DES:PAYMENT ID:XXXXX00000080 INDN:{{PERSON_NAME+LOCATION}} CO ID:XXXXX00000048 WEB,-6.00,"90,796.87"
03/11/2025,NUNEZ LTD 03/09 PMNT SENT 1LAKE KATHLEEN CA,-274.00,"90,522.87"
03/11/2025,"FOWLER, COOK AND WAGNER DES:WEBPAYMENT ID: INDN:{{PERSON_NAME+LOCATION}} CO ID:XXXXX00000051 WEB",-115.84,"90,407.03"
03/14/2025,STANLEY-MAYS DES:PAYMENT ID:XXXXX00000081 INDN:{{PERSON_NAME+LOCATION}} CO ID:XXXXX00000048 WEB,-5.00,"90,402.03"
03/17/2025,STEVENS-CLARK DES:APP ID:GREENLIGHT INDN:{{PERSON_NAME+LOCATION}} CO ID:PYMNT00001 WEB,-50.00,"90,352.03"
03/17/2025,STEVENS-CLARK DES:APP ID:GREENLIGHT INDN:{{PERSON_NAME+LOCATION}} CO ID:PYMNT00001 WEB,-10.00,"90,342.03"
03/18/2025,NUNEZ LTD 03/16 PMNT SENT 1LAKE KATHLEEN CA,-5.00,"90,337.03"
03/18/2025,NUNEZ LTD 03/17 PMNT SENT 1LAKE KATHLEEN CA,-5.00,"90,332.03"
03/19/2025,FORD-GRIFFITH PURCHASE XXX-XX01234 CA,-40.00,"90,292.03"
03/21/2025,"HERNANDEZ, COHEN AND KING DES:DIRECT DEP ID:XXXXX00000082K43 INDN:{{PERSON_NAME+LOCATION}} CO ID:XXXXX00000055 PPD","4,633.88","94,925.91"
03/24/2025,JAMES INC CRD 8336 Confirmation# XXXXX00000083,"-2,424.76","92,501.15"
03/24/2025,JAMES INC CRD 9758 Confirmation# XXXXX00000084,"-3,056.80","89,444.35"
03/24/2025,NUNEZ LTD 03/22 PMNT SENT 1LAKE KATHLEEN CA,-12.00,"89,432.35"
03/24/2025,"CROSBY, BELTRAN AND GARCIA PURCHASE XXX-XX01234 CA",-198.20,"89,234.15"
03/24/2025,BUCHANAN LTD DES:ACH PMT ID:A6532 INDN:{{PERSON_NAME+LOCATION}} CO ID:XXXXX00000058 WEB,"-6,982.42","82,251.73"
03/24/2025,EVANS-KELLY DES:PCS SVC ID:00000085 INDN:{{PERSON_NAME+LOCATION}} CO ID:XXXXX00000063 WEB,-201.00,"82,050.73"
03/27/2025,TAYLOR LTD 1383,-160.00,"81,890.73"
03/28/2025,STANLEY-MAYS DES:PAYMENT ID:XXXXX00000086 INDN:{{PERSON_NAME+LOCATION}} CO ID:XXXXX00000048 WEB,-36.00,"81,854.73"
03/31/2025,NUNEZ LTD 03/27 PMNT SENT 1LAKE KATHLEEN CA,-12.00,"81,842.73"
03/31/2025,STEVENS-CLARK DES:APP ID:GREENLIGHT INDN:{{PERSON_NAME+LOCATION}} CO ID:PYMNT00001 WEB,-100.00,"81,742.73"
04/02/2025,CARTER LLC DES:PAID SDGER ID:XXXXX00000065 INDN:{{PERSON_NAME+LOCATION}} CO ID:XXXXX00000050 PPD,-147.78,"81,594.95"
04/03/2025,{{MERCHANT+BANK_ID+LOCATION}} DES:County of ID: INDN:{{PERSON_NAME+LOCATION}} CO ID:XXXXX00000087 WEB,"-4,035.02","77,559.93"
04/03/2025,WILLIAMS-ELLIS DES:NSM DBAMR ID:00000088 INDN:{{PERSON_NAME+LOCATION}} CO ID:XXXXX00000044 WEB,"-2,202.05","75,357.88"
04/03/2025,"FITZGERALD, POWERS AND HULL DES:ASSN DUES ID:00000045 INDN:{{PERSON_NAME+LOCATION}} CO ID:XXXXX00000046 PPD",-62.00,"75,295.88"
04/04/2025,"HERNANDEZ, COHEN AND KING DES:DIRECT DEP ID:XXXXX00000089K43 INDN:{{PERSON_NAME+LOCATION}} CO ID:XXXXX00000055 PPD","4,633.89","79,929.77"
04/07/2025,CARTER LLC DES:PAID SDGER ID:XXXXX00000049 INDN:{{PERSON_NAME+LOCATION}} CO ID:XXXXX00000050 PPD,-111.25,"79,818.52"
04/07/2025,STANLEY-MAYS DES:PAYMENT ID:XXXXX00000090 INDN:{{PERSON_NAME+LOCATION}} CO ID:XXXXX00000048 WEB,-50.00,"79,768.52"
04/08/2025,{{MERCHANT+BANK_ID}} DEPOSIT *VERONICAHAVEN CA,"9,236.00","89,004.52"
04/08/2025,"FOWLER, COOK AND WAGNER DES:WEBPAYMENT ID: INDN:{{PERSON_NAME+LOCATION}} CO ID:XXXXX00000051 WEB",-115.84,"88,888.68"
04/14/2025,NUNEZ LTD 04/12 PMNT SENT 1LAKE KATHLEEN CA,-10.00,"88,878.68"
04/14/2025,STEVENS-CLARK DES:APP ID:GREENLIGHT INDN:{{PERSON_NAME+LOCATION}} CO ID:PYMNT00001 WEB,-100.00,"88,778.68"
04/14/2025,STANLEY-MAYS DES:PAYMENT ID:XXXXX00000091 INDN:{{PERSON_NAME+LOCATION}} CO ID:XXXXX00000048 WEB,-50.00,"88,728.68"
04/14/2025,STANLEY-MAYS DES:PAYMENT ID:XXXXX00000092 INDN:{{PERSON_NAME+LOCATION}} CO ID:XXXXX00000048 WEB,-32.00,"88,696.68"
04/17/2025,"LEONARD, MARTINEZ AND BARBER DES:USATAXPYMT ID:XXXXXXXXXX00000093 INDN:{{PERSON_NAME+LOCATION}} CO ID:XXXXX00000094 PPD","-4,760.00","83,936.68"
04/18/2025,"HERNANDEZ, COHEN AND KING DES:DIRECT DEP ID:XXXXX00000095K43 INDN:{{PERSON_NAME+LOCATION}} CO ID:XXXXX00000055 PPD","4,633.88","88,570.56"
04/18/2025,NUNEZ LTD 04/16 PMNT SENT 1LAKE KATHLEEN CA,-7.00,"88,563.56"
04/18/2025,STANLEY-MAYS DES:PAYMENT ID:XXXXX00000096 INDN:{{PERSON_NAME+LOCATION}} CO ID:XXXXX00000048 WEB,-30.00,"88,533.56"
04/21/2025,{{MERCHANT+BANK_ID}} XXX-XX53700 WA,-57.02,"88,476.54"
04/21/2025,"BRANCH, BECK AND ANDERSON PURCHASE XXX-XX01234 CA",-198.20,"88,278.34"
04/21/2025,{{MERCHANT+LOCATION}} OF AMERICA CREDIT CARD Bill Payment,"-5,989.92","82,288.42"
04/21/2025,{{MERCHANT+LOCATION}} OF AMERICA CREDIT CARD Bill Payment,"-2,677.95","79,610.47"
04/22/2025,BUCHANAN LTD DES:ACH PMT ID:A2372 INDN:{{PERSON_NAME+LOCATION}} CO ID:XXXXX00000058 WEB,"-5,877.12","73,733.35"
04/22/2025,STANLEY-MAYS DES:PAYMENT ID:XXXXX00000097 INDN:{{PERSON_NAME+LOCATION}} CO ID:XXXXX00000048 WEB,-250.00,"73,483.35"
04/22/2025,STANLEY-MAYS DES:PAYMENT ID:XXXXX00000098 INDN:{{PERSON_NAME+LOCATION}} CO ID:XXXXX00000048 WEB,-33.00,"73,450.35"
04/24/2025,{{MERCHANT+LOCATION}} DES:CASTTAXRFD ID:XXXXX00000099 INDN:CINDY LEE CO ID:XXXXX00000100 PPD,"3,397.00","76,847.35"
04/24/2025,EVANS-KELLY DES:PCS SVC ID:00000101 INDN:{{PERSON_NAME+LOCATION}} CO ID:XXXXX00000063 WEB,-201.00,"76,646.35"
04/28/2025,NUNEZ LTD 04/26 PMNT SENT 1LAKE KATHLEEN CA,-5.00,"76,641.35"
04/28/2025,STANLEY-MAYS DES:PAYMENT ID:XXXXX00000102 INDN:{{PERSON_NAME+LOCATION}} CO ID:XXXXX00000048 WEB,-80.00,"76,561.35"
04/28/2025,STANLEY-MAYS DES:PAYMENT ID:XXXXX00000103 INDN:{{PERSON_NAME+LOCATION}} CO ID:XXXXX00000048 WEB,-30.00,"76,531.35"
04/30/2025,TAYLOR LTD 1384,-38.00,"76,493.35"
04/30/2025,STANLEY-MAYS DES:PAYMENT ID:XXXXX00000104 INDN:{{PERSON_NAME+LOCATION}} CO ID:XXXXX00000048 WEB,-15.00,"76,478.35"
05/01/2025,STANLEY-MAYS DES:PAYMENT ID:XXXXX00000105 INDN:{{PERSON_NAME+LOCATION}} CO ID:XXXXX00000048 WEB,-55.00,"76,423.35"
05/02/2025,"HERNANDEZ, COHEN AND KING DES:DIRECT DEP ID:XXXXX00000106K43 INDN:{{PERSON_NAME+LOCATION}} CO ID:XXXXX00000055 PPD","4,633.88","81,057.23"
05/02/2025,{{MERCHANT+BANK_ID}} {{LOCATION+LOCATION+LOCATION}} CA,-100.00,"80,957.23"
05/05/2025,WILLIAMS-ELLIS DES:NSM DBAMR ID:00000107 INDN:{{PERSON_NAME+LOCATION}} CO ID:XXXXX00000044 WEB,"-2,202.05","78,755.18"
05/05/2025,"FITZGERALD, POWERS AND HULL DES:ASSN DUES ID:00000045 INDN:{{PERSON_NAME+LOCATION}} CO ID:XXXXX00000046 PPD",-62.00,"78,693.18"
05/06/2025,CARTER LLC DES:PAID SDGER ID:XXXXX00000065 INDN:{{PERSON_NAME+LOCATION}} CO ID:XXXXX00000050 PPD,-67.27,"78,625.91"
05/07/2025,STANLEY-MAYS DES:PAYMENT ID:XXXXX00000108 INDN:{{PERSON_NAME+LOCATION}} CO ID:XXXXX00000048 WEB,-30.00,"78,595.91"
05/08/2025,"FOWLER, COOK AND WAGNER DES:WEBPAYMENT ID: INDN:{{PERSON_NAME+LOCATION}} CO ID:XXXXX00000051 WEB",-122.09,"78,473.82"
05/12/2025,STANLEY-MAYS DES:CASHOUT ID:XXXXX00000109 INDN:{{PERSON_NAME+LOCATION}} CO ID:XXXXX00000048 PPD,155.80,"78,629.62"
05/12/2025,STANLEY-MAYS DES:PAYMENT ID:XXXXX00000110 INDN:{{PERSON_NAME+LOCATION}} CO ID:XXXXX00000048 WEB,-90.00,"78,539.62"
05/12/2025,STANLEY-MAYS DES:PAYMENT ID:XXXXX00000111 INDN:{{PERSON_NAME+LOCATION}} CO ID:XXXXX00000048 WEB,-20.00,"78,519.62"
05/13/2025,TAYLOR LTD 1385,-200.00,"78,319.62"
05/14/2025,{{MERCHANT+LOCATION}} LC Tennis Pro Conf# p3ivyfk76,-40.00,"78,279.62"
05/15/2025,STANLEY-MAYS DES:PAYMENT ID:XXXXX00000112 INDN:{{PERSON_NAME+LOCATION}} CO ID:XXXXX00000048 WEB,-60.00,"78,219.62"
05/16/2025,"HERNANDEZ, COHEN AND KING DES:DIRECT DEP ID:XXXXX00000113K43 INDN:{{PERSON_NAME+LOCATION}} CO ID:XXXXX00000055 PPD","7,848.74","86,068.36"
05/16/2025,STANLEY-MAYS DES:PAYMENT ID:XXXXX00000114 INDN:{{PERSON_NAME+LOCATION}} CO ID:XXXXX00000048 WEB,-70.00,"85,998.36"
05/19/2025,NUNEZ LTD 05/16 PMNT SENT 1LAKE KATHLEEN CA,-10.00,"85,988.36"
05/19/2025,NUNEZ LTD 05/17 PMNT SENT 1LAKE KATHLEEN CA,-50.00,"85,938.36"
05/19/2025,TODD-WHITAKER PURCHASE XXX-XX01234 CA,-198.20,"85,740.16"
05/19/2025,"SIMMONS, ROBINSON AND COLLINS DES:ONLINE PMT ID:43D0D00MDW0R0DK INDN:{{PERSON_NAME+LOCATION}} CO ID:XXXXX00000115 WEB",-126.61,"85,613.55"
05/20/2025,{{MERCHANT+LOCATION}} OF AMERICA CREDIT CARD Bill Payment,"-4,807.98","80,805.57"
05/20/2025,STANLEY-MAYS DES:PAYMENT ID:XXXXX00000116 INDN:{{PERSON_NAME+LOCATION}} CO ID:XXXXX00000048 WEB,-30.00,"80,775.57"
05/21/2025,"{{MERCHANT+LOCATION}} LC Tennis Pro for Od may 21""; Conf# ki0cdk9my""",-40.00,"80,735.57"
05/21/2025,{{MERCHANT+LOCATION}} OF AMERICA CREDIT CARD Bill Payment,"-3,994.43","76,741.14"
05/21/2025,STANLEY-MAYS DES:PAYMENT ID:XXXXX00000117 INDN:{{PERSON_NAME+LOCATION}} CO ID:XXXXX00000048 WEB,-15.00,"76,726.14"
05/23/2025,BUCHANAN LTD DES:ACH PMT ID:A9994 INDN:{{PERSON_NAME+LOCATION}} CO ID:XXXXX00000058 WEB,"-3,999.40","72,726.74"
05/23/2025,STANLEY-MAYS DES:PAYMENT ID:XXXXX00000118 INDN:{{PERSON_NAME+LOCATION}} CO ID:XXXXX00000048 WEB,-20.00,"72,706.74"
05/27/2025,EVANS-KELLY DES:PCS SVC ID:00000119 INDN:{{PERSON_NAME+LOCATION}} CO ID:XXXXX00000063 WEB,-201.00,"72,505.74"
05/27/2025,STANLEY-MAYS DES:PAYMENT ID:XXXXX00000120 INDN:{{PERSON_NAME+LOCATION}} CO ID:XXXXX00000048 WEB,-80.00,"72,425.74"
05/27/2025,STANLEY-MAYS DES:PAYMENT ID:XXXXX00000121 INDN:{{PERSON_NAME+LOCATION}} CO ID:XXXXX00000048 WEB,-30.00,"72,395.74"
05/28/2025,NUNEZ LTD 05/26 PMNT SENT 1LAKE KATHLEEN CA,-23.00,"72,372.74"
05/29/2025,NUNEZ LTD 05/27 PMNT SENT 1LAKE KATHLEEN CA,-10.00,"72,362.74"
05/29/2025,NUNEZ LTD 05/28 PMNT SENT 1LAKE KATHLEEN CA,-1.00,"72,361.74"
05/29/2025,NUNEZ LTD 05/27 PMNT SENT 1LAKE KATHLEEN CA,-20.00,"72,341.74"
05/30/2025,"HERNANDEZ, COHEN AND KING DES:DIRECT DEP ID:XXXXX00000122K43 INDN:{{PERSON_NAME+LOCATION}} CO ID:XXXXX00000055 PPD","5,992.06","78,333.80"
05/30/2025,NUNEZ LTD 05/28 PMNT SENT 1LAKE KATHLEEN CA,-15.00,"78,318.80"
05/30/2025,NUNEZ LTD 05/28 PMNT SENT 1LAKE KATHLEEN CA,-30.00,"78,288.80"
05/30/2025,{{MERCHANT+LOCATION+LOCATION}} CA,-53.81,"78,234.99"
06/03/2025,TAYLOR LTD 1386,-200.00,"78,034.99"
06/03/2025,WILLIAMS-ELLIS DES:NSM DBAMR ID:00000123 INDN:{{PERSON_NAME+LOCATION}} CO ID:XXXXX00000044 WEB,"-2,202.05","75,832.94"
06/03/2025,CARTER LLC DES:PAID SDGER ID:XXXXX00000065 INDN:{{PERSON_NAME+LOCATION}} CO ID:XXXXX00000050 PPD,-98.52,"75,734.42"
06/03/2025,"FITZGERALD, POWERS AND HULL DES:ASSN DUES ID:00000045 INDN:{{PERSON_NAME+LOCATION}} CO ID:XXXXX00000046 PPD",-62.00,"75,672.42"
06/04/2025,NUNEZ LTD 06/02 PMNT SENT 1LAKE KATHLEEN CA,-15.00,"75,657.42"
06/04/2025,CARTER LLC DES:PAID SDGER ID:XXXXX00000049 INDN:{{PERSON_NAME+LOCATION}} CO ID:XXXXX00000050 PPD,-30.80,"75,626.62"
06/04/2025,STANLEY-MAYS DES:PAYMENT ID:XXXXX00000124 INDN:{{PERSON_NAME+LOCATION}} CO ID:XXXXX00000048 WEB,-15.00,"75,611.62"
06/05/2025,NUNEZ LTD 06/03 PMNT SENT 1LAKE KATHLEEN CA,-5.00,"75,606.62"
06/06/2025,"HERNANDEZ, COHEN AND KING DES:DIRECT DEP ID:XXXXX00000125K43 INDN:{{PERSON_NAME+LOCATION}} CO ID:XXXXX00000055 PPD","30,037.67","105,644.29"
06/09/2025,NUNEZ LTD 06/07 PMNT SENT 1LAKE KATHLEEN CA,-5.00,"105,639.29"
06/09/2025,"FOWLER, COOK AND WAGNER DES:WEBPAYMENT ID: INDN:{{PERSON_NAME+LOCATION}} CO ID:XXXXX00000051 WEB",-178.34,"105,460.95"
06/11/2025,STANLEY-MAYS DES:PAYMENT ID:XXXXX00000126 INDN:{{PERSON_NAME+LOCATION}} CO ID:XXXXX00000048 WEB,-20.00,"105,440.95"
06/12/2025,STANLEY-MAYS DES:PAYMENT ID:XXXXX00000127 INDN:{{PERSON_NAME+LOCATION}} CO ID:XXXXX00000048 WEB,-40.00,"105,400.95"
06/13/2025,"HERNANDEZ, COHEN AND KING DES:DIRECT DEP ID:XXXXX00000128K43 INDN:{{PERSON_NAME+LOCATION}} CO ID:XXXXX00000055 PPD","6,658.20","112,059.15"
06/16/2025,DOUGLAS INC PURCHASE XXX-XX01234 CA,-198.20,"111,860.95"
06/16/2025,STANLEY-MAYS DES:PAYMENT ID:XXXXX00000129 INDN:{{PERSON_NAME+LOCATION}} CO ID:XXXXX00000048 WEB,-90.00,"111,770.95"
06/17/2025,NUNEZ LTD 06/15 PMNT SENT 1LAKE KATHLEEN CA,-22.00,"111,748.95"
06/20/2025,{{MERCHANT+LOCATION}} OF AMERICA CREDIT CARD Bill Payment,"-3,479.77","108,269.18"
06/23/2025,BUCHANAN LTD DES:ACH PMT ID:A9790 INDN:{{PERSON_NAME+LOCATION}} CO ID:XXXXX00000058 WEB,"-4,339.15","103,930.03"
06/23/2025,{{MERCHANT+LOCATION}} OF AMERICA CREDIT CARD Bill Payment,"-4,130.36","99,799.67"
06/24/2025,EVANS-KELLY DES:PCS SVC ID:00000130 INDN:{{PERSON_NAME+LOCATION}} CO ID:XXXXX00000063 WEB,-247.67,"99,552.00"
06/27/2025,"HERNANDEZ, COHEN AND KING DES:DIRECT DEP ID:XXXXX00000131K43 INDN:{{PERSON_NAME+LOCATION}} CO ID:XXXXX00000055 PPD","6,658.20","106,210.20"
07/01/2025,TAYLOR LTD 1387,-160.00,"106,050.20"
07/01/2025,STANLEY-MAYS DES:PAYMENT ID:XXXXX00000132 INDN:{{PERSON_NAME+LOCATION}} CO ID:XXXXX00000048 WEB,-360.00,"105,690.20"
07/02/2025,STANLEY-MAYS DES:PAYMENT ID:XXXXX00000133 INDN:{{PERSON_NAME+LOCATION}} CO ID:XXXXX00000048 WEB,-362.50,"105,327.70"
07/02/2025,CARTER LLC DES:PAID SDGER ID:XXXXX00000065 INDN:{{PERSON_NAME+LOCATION}} CO ID:XXXXX00000050 PPD,-92.11,"105,235.59"
07/02/2025,STANLEY-MAYS DES:PAYMENT ID:XXXXX00000134 INDN:{{PERSON_NAME+LOCATION}} CO ID:XXXXX00000048 WEB,-20.00,"105,215.59"
07/03/2025,WILLIAMS-ELLIS DES:NSM DBAMR ID:00000135 INDN:{{PERSON_NAME+LOCATION}} CO ID:XXXXX00000044 WEB,"-2,202.05","103,013.54"
07/03/2025,"FITZGERALD, POWERS AND HULL DES:ASSN DUES ID:00000045 INDN:{{PERSON_NAME+LOCATION}} CO ID:XXXXX00000046 PPD",-62.00,"102,951.54"
07/08/2025,"FOWLER, COOK AND WAGNER DES:WEBPAYMENT ID: INDN:{{PERSON_NAME+LOCATION}} CO ID:XXXXX00000051 WEB",-198.65,"102,752.89"
07/08/2025,CARTER LLC DES:PAID SDGER ID:XXXXX00000049 INDN:{{PERSON_NAME+LOCATION}} CO ID:XXXXX00000050 PPD,-149.91,"102,602.98"
07/11/2025,"HERNANDEZ, COHEN AND KING DES:DIRECT DEP ID:XXXXX00000136K43 INDN:{{PERSON_NAME+LOCATION}} CO ID:XXXXX00000055 PPD","6,598.56","109,201.54"
07/14/2025,"HANSEN, WHITE AND HERNANDEZ PURCHASE XXX-XX01234 CA",-198.20,"109,003.34"
07/14/2025,STEVENS-CLARK DES:APP ID:GREENLIGHT INDN:{{PERSON_NAME+LOCATION}} CO ID:PYMNT00001 WEB,-100.00,"108,903.34"
07/15/2025,STANLEY-MAYS DES:PAYMENT ID:XXXXX00000137 INDN:{{PERSON_NAME+LOCATION}} CO ID:XXXXX00000048 WEB,-100.00,"108,803.34"
07/21/2025,{{MERCHANT+LOCATION}} OF AMERICA CREDIT CARD Bill Payment,"-7,464.37","101,338.97"
07/21/2025,{{MERCHANT+LOCATION}} OF AMERICA CREDIT CARD Bill Payment,"-6,124.10","95,214.87"
07/21/2025,STANLEY-MAYS DES:PAYMENT ID:XXXXX00000138 INDN:{{PERSON_NAME+LOCATION}} CO ID:XXXXX00000048 WEB,-362.50,"94,852.37"
07/23/2025,BUCHANAN LTD DES:ACH PMT ID:A4886 INDN:{{PERSON_NAME+LOCATION}} CO ID:XXXXX00000058 WEB,"-9,470.35","85,382.02"
07/23/2025,{{MERCHANT+LOCATION}} DES:INTERNET ID:XXXXXXXXXX00000139 INDN:{{PERSON_NAME+LOCATION}} CO ID:XXXXX00000140 WEB,-205.00,"85,177.02"
07/23/2025,STANLEY-MAYS DES:PAYMENT ID:XXXXX00000141 INDN:{{PERSON_NAME+LOCATION}} CO ID:XXXXX00000048 WEB,-23.00,"85,154.02"
07/24/2025,EVANS-KELLY DES:PCS SVC ID:00000142 INDN:{{PERSON_NAME+LOCATION}} CO ID:XXXXX00000063 WEB,-236.00,"84,918.02"
07/25/2025,"HERNANDEZ, COHEN AND KING DES:DIRECT DEP ID:XXXXX00000143K43 INDN:{{PERSON_NAME+LOCATION}} CO ID:XXXXX00000055 PPD","6,573.96","91,491.98"
07/28/2025,STANLEY-MAYS DES:PAYMENT ID:XXXXX00000144 INDN:{{PERSON_NAME+LOCATION}} CO ID:XXXXX00000048 WEB,-50.00,"91,441.98"
07/31/2025,TAYLOR LTD 1388,-200.00,"91,241.98"
07/31/2025,STANLEY-MAYS DES:PAYMENT ID:XXXXX00000145 INDN:{{PERSON_NAME+LOCATION}} CO ID:XXXXX00000048 WEB,-280.00,"90,961.98"
08/04/2025,WILLIAMS-ELLIS DES:NSM DBAMR ID:00000146 INDN:{{PERSON_NAME+LOCATION}} CO ID:XXXXX00000044 WEB,"-2,202.05","88,759.93"
08/05/2025,NUNEZ LTD 08/04 PMNT SENT 1LAKE KATHLEEN CA,-1.00,"88,758.93"
08/05/2025,STEVENS-CLARK DES:APP ID:GREENLIGHT INDN:{{PERSON_NAME+LOCATION}} CO ID:PYMNT00001 WEB,-100.00,"88,658.93"
08/05/2025,CARTER LLC DES:PAID SDGER ID:XXXXX00000065 INDN:{{PERSON_NAME+LOCATION}} CO ID:XXXXX00000050 PPD,-76.61,"88,582.32"
08/05/2025,"FITZGERALD, POWERS AND HULL DES:ASSN DUES ID:00000045 INDN:{{PERSON_NAME+LOCATION}} CO ID:XXXXX00000046 PPD",-62.00,"88,520.32"
08/06/2025,CARTER LLC DES:PAID SDGER ID:XXXXX00000049 INDN:{{PERSON_NAME+LOCATION}} CO ID:XXXXX00000050 PPD,-165.27,"88,355.05"
08/07/2025,"FOWLER, COOK AND WAGNER DES:WEBPAYMENT ID: INDN:{{PERSON_NAME+LOCATION}} CO ID:XXXXX00000051 WEB",-198.65,"88,156.40"
08/08/2025,"HERNANDEZ, COHEN AND KING DES:PAYROLL ID:XXXXX00000147K43 INDN:{{PERSON_NAME+LOCATION}} CO ID:XXXXX00000055 PPD","6,573.97","94,730.37"
08/08/2025,NUNEZ LTD 08/06 PMNT SENT 1LAKE KATHLEEN CA,-6.00,"94,724.37"
08/08/2025,STANLEY-MAYS DES:PAYMENT ID:XXXXX00000148 INDN:{{PERSON_NAME+LOCATION}} CO ID:XXXXX00000048 WEB,-30.00,"94,694.37"
08/11/2025,NUNEZ LTD 08/09 PMNT SENT 1LAKE KATHLEEN CA,-3.94,"94,690.43"
08/11/2025,BENJAMIN LTD PURCHASE XXX-XX01234 CA,-198.20,"94,492.23"
08/13/2025,STANLEY-MAYS DES:PAYMENT ID:XXXXX00000149 INDN:{{PERSON_NAME+LOCATION}} CO ID:XXXXX00000048 WEB,-50.00,"94,442.23"
08/14/2025,STANLEY-MAYS DES:CASHOUT ID:XXXXX00000150 INDN:{{PERSON_NAME+LOCATION}} CO ID:XXXXX00000048 PPD,228.35,"94,670.58"
08/14/2025,STANLEY-MAYS DES:PAYMENT ID:XXXXX00000151 INDN:{{PERSON_NAME+LOCATION}} CO ID:XXXXX00000048 WEB,-30.00,"94,640.58"
08/18/2025,STANLEY-MAYS DES:PAYMENT ID:XXXXX00000152 INDN:{{PERSON_NAME+LOCATION}} CO ID:XXXXX00000048 WEB,-30.00,"94,610.58"
08/20/2025,{{MERCHANT+LOCATION}} OF AMERICA CREDIT CARD Bill Payment,"-5,735.46","88,875.12"
08/21/2025,{{MERCHANT+LOCATION}} OF AMERICA CREDIT CARD Bill Payment,"-1,418.20","87,456.92"
08/22/2025,"HERNANDEZ, COHEN AND KING DES:PAYROLL ID:XXXXX00000153K43 INDN:{{PERSON_NAME+LOCATION}} CO ID:XXXXX00000055 PPD","6,573.96","94,030.88"
08/25/2025,NUNEZ LTD 08/21 PMNT SENT 1LAKE KATHLEEN CA,-12.00,"94,018.88"
08/25/2025,NUNEZ LTD 08/21 PMNT SENT 1LAKE KATHLEEN CA,-12.00,"94,006.88"
08/25/2025,BUCHANAN LTD DES:ACH PMT ID:A8800 INDN:{{PERSON_NAME+LOCATION}} CO ID:XXXXX00000058 WEB,"-8,590.68","85,416.20"
08/25/2025,EVANS-KELLY DES:PCS SVC ID:00000154 INDN:{{PERSON_NAME+LOCATION}} CO ID:XXXXX00000063 WEB,-242.41,"85,173.79"
08/26/2025,NUNEZ LTD 08/24 PMNT SENT 1LAKE KATHLEEN CA,-10.00,"85,163.79"
08/26/2025,STANLEY-MAYS DES:PAYMENT ID:XXXXX00000155 INDN:{{PERSON_NAME+LOCATION}} CO ID:XXXXX00000048 WEB,-15.00,"85,148.79"
08/28/2025,TAYLOR LTD 1389,-60.00,"85,088.79"
08/28/2025,TAYLOR LTD 1391,-160.00,"84,928.79"
08/28/2025,TAYLOR LTD 1392,-75.00,"84,853.79"
09/02/2025,CARTER LLC DES:PAID SDGER ID:XXXXX00000065 INDN:{{PERSON_NAME+LOCATION}} CO ID:XXXXX00000050 PPD,-74.72,"84,779.07"
09/02/2025,STANLEY-MAYS DES:PAYMENT ID:XXXXX00000156 INDN:{{PERSON_NAME+LOCATION}} CO ID:XXXXX00000048 WEB,-50.00,"84,729.07"
09/02/2025,STANLEY-MAYS DES:PAYMENT ID:XXXXX00000157 INDN:{{PERSON_NAME+LOCATION}} CO ID:XXXXX00000048 WEB,-15.00,"84,714.07"
09/02/2025,NELSON-FORD DES:INST XFER ID:UBER INDN:{{PERSON_NAME+LOCATION}} CO ID:PAYPALSI77 WEB,-11.04,"84,703.03"
09/02/2025,NELSON-FORD DES:INST XFER ID:UBER INDN:{{PERSON_NAME+LOCATION}} CO ID:PAYPALSI77 WEB,-8.92,"84,694.11"
09/02/2025,NELSON-FORD DES:INST XFER ID:UBER INDN:{{PERSON_NAME+LOCATION}} CO ID:PAYPALSI77 WEB,-2.00,"84,692.11"
09/03/2025,WILLIAMS-ELLIS DES:NSM DBAMR ID:00000158 INDN:{{PERSON_NAME+LOCATION}} CO ID:XXXXX00000044 WEB,"-2,202.05","82,490.06"
09/03/2025,{{MERCHANT+LOCATION}} DES:INTERNET ID:XXXXXXXXXX00000159 INDN:{{PERSON_NAME+LOCATION}} CO ID:XXXXX00000140 WEB,-289.00,"82,201.06"
09/03/2025,CARTER LLC DES:PAID SDGER ID:XXXXX00000049 INDN:{{PERSON_NAME+LOCATION}} CO ID:XXXXX00000050 PPD,-212.93,"81,988.13"
09/03/2025,{{MERCHANT+LOCATION}} DES:INTERNET ID:XXXXXXXXXX00000159 INDN:{{PERSON_NAME+LOCATION}} CO ID:XXXXX00000140 WEB,-190.00,"81,798.13"
09/03/2025,"FITZGERALD, POWERS AND HULL DES:ASSN DUES ID:00000045 INDN:{{PERSON_NAME+LOCATION}} CO ID:XXXXX00000046 PPD",-62.00,"81,736.13"
09/05/2025,"HERNANDEZ, COHEN AND KING DES:PAYROLL ID:XXXXX00000160K43 INDN:{{PERSON_NAME+LOCATION}} CO ID:XXXXX00000055 PPD","6,573.96","88,310.09"
09/05/2025,NUNEZ LTD 09/04 PMNT SENT 1LAKE KATHLEEN CA,-5.00,"88,305.09"
09/05/2025,NUNEZ LTD 09/03 PMNT SENT 1LAKE KATHLEEN CA,-23.00,"88,282.09"
09/05/2025,NUNEZ LTD 09/03 PMNT SENT 1LAKE KATHLEEN CA,-5.00,"88,277.09"
09/08/2025,JACKSON-PEREZ PURCHASE XXX-XX01234 CA,-198.20,"88,078.89"
09/08/2025,STANLEY-MAYS DES:PAYMENT ID:XXXXX00000161 INDN:{{PERSON_NAME+LOCATION}} CO ID:XXXXX00000048 WEB,-35.00,"88,043.89"
09/08/2025,STANLEY-MAYS DES:PAYMENT ID:XXXXX00000162 INDN:{{PERSON_NAME+LOCATION}} CO ID:XXXXX00000048 WEB,-30.00,"88,013.89"
09/08/2025,STANLEY-MAYS DES:PAYMENT ID:XXXXX00000163 INDN:{{PERSON_NAME+LOCATION}} CO ID:XXXXX00000048 WEB,-30.00,"87,983.89"
09/09/2025,"FOWLER, COOK AND WAGNER DES:WEBPAYMENT ID: INDN:{{PERSON_NAME+LOCATION}} CO ID:XXXXX00000051 WEB",-205.68,"87,778.21"
09/10/2025,NUNEZ LTD 09/08 PMNT SENT 1LAKE KATHLEEN CA,-2.00,"87,776.21"
09/11/2025,TAYLOR LTD 1390,-20.00,"87,756.21"
09/15/2025,NUNEZ LTD 09/13 PMNT SENT 1LAKE KATHLEEN CA,-5.00,"87,751.21"
09/15/2025,STANLEY-MAYS DES:PAYMENT ID:XXXXX00000164 INDN:{{PERSON_NAME+LOCATION}} CO ID:XXXXX00000048 WEB,-200.00,"87,551.21"
09/15/2025,STANLEY-MAYS DES:PAYMENT ID:XXXXX00000165 INDN:{{PERSON_NAME+LOCATION}} CO ID:XXXXX00000048 WEB,-20.00,"87,531.21"
09/15/2025,STANLEY-MAYS DES:PAYMENT ID:XXXXX00000166 INDN:{{PERSON_NAME+LOCATION}} CO ID:XXXXX00000048 WEB,-15.00,"87,516.21"
09/16/2025,NUNEZ LTD 09/14 PMNT SENT 1LAKE KATHLEEN CA,-5.00,"87,511.21"
09/16/2025,NUNEZ LTD 09/14 PMNT SENT 1LAKE KATHLEEN CA,-6.00,"87,505.21"
09/16/2025,NUNEZ LTD 09/14 PMNT SENT 1LAKE KATHLEEN CA,-7.00,"87,498.21"
09/16/2025,NUNEZ LTD 09/14 PMNT SENT 1LAKE KATHLEEN CA,-6.00,"87,492.21"
09/18/2025,NUNEZ LTD 09/16 PMNT SENT 1LAKE KATHLEEN CA,-5.00,"87,487.21"
09/19/2025,"HERNANDEZ, COHEN AND KING DES:PAYROLL ID:XXXXX00000167K43 INDN:{{PERSON_NAME+LOCATION}} CO ID:XXXXX00000055 PPD","6,573.96","94,061.17"
09/19/2025,NUNEZ LTD 09/17 PMNT SENT 1LAKE KATHLEEN CA,-5.00,"94,056.17"
09/19/2025,NUNEZ LTD 09/17 PMNT SENT 1LAKE KATHLEEN CA,-5.00,"94,051.17"
09/19/2025,STANLEY-MAYS DES:PAYMENT ID:XXXXX00000168 INDN:{{PERSON_NAME+LOCATION}} CO ID:XXXXX00000048 WEB,-60.00,"93,991.17"
09/22/2025,NUNEZ LTD 09/18 PMNT SENT 1LAKE KATHLEEN CA,-13.00,"93,978.17"
09/22/2025,{{MERCHANT+LOCATION}} OF AMERICA CREDIT CARD Bill Payment,"-5,274.69","88,703.48"
09/22/2025,BUCHANAN LTD DES:ACH PMT ID:A6408 INDN:{{PERSON_NAME+LOCATION}} CO ID:XXXXX00000058 WEB,"-4,237.29","84,466.19"
09/22/2025,{{MERCHANT+LOCATION}} OF AMERICA CREDIT CARD Bill Payment,-763.09,"83,703.10"
09/22/2025,STANLEY-MAYS DES:PAYMENT ID:XXXXX00000169 INDN:{{PERSON_NAME+LOCATION}} CO ID:XXXXX00000048 WEB,-30.00,"83,673.10"
09/23/2025,NUNEZ LTD 09/21 PMNT SENT 1LAKE KATHLEEN CA,-15.00,"83,658.10"
09/23/2025,NUNEZ LTD 09/21 PMNT SENT 1LAKE KATHLEEN CA,-7.00,"83,651.10"
09/23/2025,NUNEZ LTD 09/21 PMNT SENT 1LAKE KATHLEEN CA,-6.00,"83,645.10"
09/24/2025,EVANS-KELLY DES:PCS SVC ID:00000170 INDN:{{PERSON_NAME+LOCATION}} CO ID:XXXXX00000063 WEB,-236.00,"83,409.10"
09/25/2025,NUNEZ LTD 09/23 PMNT SENT 1LAKE KATHLEEN CA,-30.00,"83,379.10"
09/25/2025,NUNEZ LTD 09/23 PMNT SENT 1LAKE KATHLEEN CA,-11.00,"83,368.10"
09/26/2025,STANLEY-MAYS DES:PAYMENT ID:XXXXX00000171 INDN:{{PERSON_NAME+LOCATION}} CO ID:XXXXX00000048 WEB,-16.00,"83,352.10"
09/29/2025,NUNEZ LTD 09/25 PMNT SENT 1LAKE KATHLEEN CA,-6.00,"83,346.10"
09/29/2025,NUNEZ LTD 09/25 PMNT SENT 1LAKE KATHLEEN CA,-30.00,"83,316.10"
09/29/2025,STANLEY-MAYS DES:PAYMENT ID:XXXXX00000172 INDN:{{PERSON_NAME+LOCATION}} CO ID:XXXXX00000048 WEB,-51.00,"83,265.10"
09/30/2025,"JOHNSON LLC for Court fees""; Conf# rrnavz5e1""",-26.00,"83,239.10"
10/01/2025,NUNEZ LTD 09/28 PMNT SENT 1LAKE KATHLEEN CA,-7.00,"83,232.10"
10/01/2025,NUNEZ LTD 09/28 PMNT SENT 1LAKE KATHLEEN CA,-6.00,"83,226.10"
10/01/2025,STEVENSON LLC DES:CONTRIB ID:XXXXXXXXXX00000173 INDN:945 XXXXX00000174 CO ID:XXXXX00000175 WEB,-100.00,"83,126.10"
10/02/2025,{{MERCHANT+BANK_ID}} DEPOSIT *VERONICAHAVEN CA,500.00,"83,626.10"
10/02/2025,STANLEY-MAYS DES:PAYMENT ID:XXXXX00000176 INDN:{{PERSON_NAME+LOCATION}} CO ID:XXXXX00000048 WEB,-250.00,"83,376.10"
10/02/2025,CARTER LLC DES:PAID SDGER ID:XXXXX00000065 INDN:{{PERSON_NAME+LOCATION}} CO ID:XXXXX00000050 PPD,-80.23,"83,295.87"
10/03/2025,"HERNANDEZ, COHEN AND KING DES:PAYROLL ID:XXXXX00000177K43 INDN:{{PERSON_NAME+LOCATION}} CO ID:XXXXX00000055 PPD","6,573.97","89,869.84"
10/03/2025,WILLIAMS-ELLIS DES:NSM DBAMR ID:00000178 INDN:{{PERSON_NAME+LOCATION}} CO ID:XXXXX00000044 WEB,"-2,202.05","87,667.79"
10/03/2025,"FITZGERALD, POWERS AND HULL DES:ASSN DUES ID:00000045 INDN:{{PERSON_NAME+LOCATION}} CO ID:XXXXX00000046 PPD",-62.00,"87,605.79"
10/06/2025,"HARRIS, ROBINSON AND MAYER PURCHASE XXX-XX01234 CA",-198.20,"87,407.59"
10/06/2025,TAYLOR LTD 1393,-160.00,"87,247.59"
10/06/2025,CARTER LLC DES:PAID SDGER ID:XXXXX00000049 INDN:{{PERSON_NAME+LOCATION}} CO ID:XXXXX00000050 PPD,-328.00,"86,919.59"
10/07/2025,NUNEZ LTD 10/05 PMNT SENT 1LAKE KATHLEEN CA,-20.00,"86,899.59"
10/08/2025,JONES-COOPER PURCHASE XXX-XX01234 CA,-40.00,"86,859.59"
10/08/2025,{{MERCHANT+LOCATION}} LC Tennis Pro Conf# l9aeu73do,-40.00,"86,819.59"
10/08/2025,"FOWLER, COOK AND WAGNER DES:WEBPAYMENT ID: INDN:{{PERSON_NAME+LOCATION}} CO ID:XXXXX00000051 WEB",-178.34,"86,641.25"
10/14/2025,STANLEY-MAYS DES:PAYMENT ID:XXXXX00000179 INDN:{{PERSON_NAME+LOCATION}} CO ID:XXXXX00000048 WEB,-18.50,"86,622.75"
10/14/2025,STANLEY-MAYS DES:PAYMENT ID:XXXXX00000180 INDN:{{PERSON_NAME+LOCATION}} CO ID:XXXXX00000048 WEB,-18.50,"86,604.25"
10/14/2025,STANLEY-MAYS DES:PAYMENT ID:XXXXX00000181 INDN:{{PERSON_NAME+LOCATION}} CO ID:XXXXX00000048 WEB,-18.50,"86,585.75"
10/14/2025,STANLEY-MAYS DES:PAYMENT ID:XXXXX00000182 INDN:{{PERSON_NAME+LOCATION}} CO ID:XXXXX00000048 WEB,-18.50,"86,567.25"
10/14/2025,STANLEY-MAYS DES:PAYMENT ID:XXXXX00000183 INDN:{{PERSON_NAME+LOCATION}} CO ID:XXXXX00000048 WEB,-10.00,"86,557.25"
10/17/2025,"HERNANDEZ, COHEN AND KING DES:PAYROLL ID:XXXXX00000184K43 INDN:{{PERSON_NAME+LOCATION}} CO ID:XXXXX00000055 PPD","6,220.44","92,777.69"
10/17/2025,{{MERCHANT+BANK_ID}} DEPOSIT *VERONICAHAVEN CA,495.83,"93,273.52"
10/17/2025,{{MERCHANT+BANK_ID}} DEPOSIT *VERONICAHAVEN CA,475.00,"93,748.52"
10/17/2025,STANLEY-MAYS DES:PAYMENT ID:XXXXX00000185 INDN:{{PERSON_NAME+LOCATION}} CO ID:XXXXX00000048 WEB,-200.00,"93,548.52"
10/20/2025,{{MERCHANT+LOCATION}} OF AMERICA CREDIT CARD Bill Payment,"-5,650.18","87,898.34"
10/21/2025,{{MERCHANT+LOCATION}} OF AMERICA CREDIT CARD Bill Payment,"-3,331.11","84,567.23"
10/23/2025,BUCHANAN LTD DES:ACH PMT ID:A7406 INDN:{{PERSON_NAME+LOCATION}} CO ID:XXXXX00000058 WEB,"-2,296.38","82,270.85"
10/24/2025,EVANS-KELLY DES:PCS SVC ID:00000186 INDN:{{PERSON_NAME+LOCATION}} CO ID:XXXXX00000063 WEB,-236.00,"82,034.85"
10/27/2025,{{MERCHANT+BANK_ID}} DEPOSIT *VERONICAHAVEN CA,500.00,"82,534.85"
10/27/2025,STANLEY-MAYS DES:PAYMENT ID:XXXXX00000187 INDN:{{PERSON_NAME+LOCATION}} CO ID:XXXXX00000048 WEB,-20.00,"82,514.85"
10/28/2025,NUNEZ LTD 10/26 PMNT SENT 1LAKE KATHLEEN CA,-5.00,"82,509.85"
10/28/2025,NUNEZ LTD 10/26 PMNT SENT 1LAKE KATHLEEN CA,-8.00,"82,501.85"
10/31/2025,"HERNANDEZ, COHEN AND KING DES:PAYROLL ID:XXXXX00000188K43 INDN:{{PERSON_NAME+LOCATION}} CO ID:XXXXX00000055 PPD","6,220.44","88,722.29"
10/31/2025,STANLEY-MAYS DES:PAYMENT ID:XXXXX00000189 INDN:{{PERSON_NAME+LOCATION}} CO ID:XXXXX00000048 WEB,-10.00,"88,712.29"
11/03/2025,"WILSON, EVERETT AND MULLINS XXX-XX10123 CA",-198.20,"88,514.09"
11/03/2025,WILLIAMS-ELLIS DES:NSM DBAMR ID:00000190 INDN:{{PERSON_NAME+LOCATION}} CO ID:XXXXX00000044 WEB,"-2,202.05","86,312.04"
11/04/2025,NUNEZ LTD 11/02 PMNT SENT 1LAKE KATHLEEN CA,-5.00,"86,307.04"
11/04/2025,CARTER LLC DES:PAID SDGER ID:XXXXX00000049 INDN:{{PERSON_NAME+LOCATION}} CO ID:XXXXX00000050 PPD,-199.28,"86,107.76"
11/04/2025,CARTER LLC DES:PAID SDGER ID:XXXXX00000065 INDN:{{PERSON_NAME+LOCATION}} CO ID:XXXXX00000050 PPD,-76.32,"86,031.44"
11/04/2025,"FITZGERALD, POWERS AND HULL DES:ASSN DUES ID:00000045 INDN:{{PERSON_NAME+LOCATION}} CO ID:XXXXX00000046 PPD",-62.00,"85,969.44"
11/05/2025,STANLEY-MAYS DES:PAYMENT ID:XXXXX00000191 INDN:{{PERSON_NAME+LOCATION}} CO ID:XXXXX00000048 WEB,-200.00,"85,769.44"
11/05/2025,STANLEY-MAYS DES:PAYMENT ID:XXXXX00000192 INDN:{{PERSON_NAME+LOCATION}} CO ID:XXXXX00000048 WEB,-5.00,"85,764.44"
11/06/2025,NUNEZ LTD 11/04 PMNT SENT 1LAKE KATHLEEN CA,-38.00,"85,726.44"
11/06/2025,TAYLOR LTD 1394,-200.00,"85,526.44"
11/06/2025,TAYLOR LTD 1395,"-2,962.68","82,563.76"
11/07/2025,{{MERCHANT+BANK_ID}} DEPOSIT *VERONICAHAVEN CA,337.50,"82,901.26"
11/07/2025,"FOWLER, COOK AND WAGNER DES:WEBPAYMENT ID: INDN:{{PERSON_NAME+LOCATION}} CO ID:XXXXX00000051 WEB",-159.59,"82,741.67"
11/10/2025,NUNEZ LTD 11/08 PMNT SENT 1LAKE KATHLEEN CA,-25.00,"82,716.67"
11/12/2025,NUNEZ LTD 11/09 PMNT SENT 1LAKE KATHLEEN CA,-10.00,"82,706.67"
11/12/2025,STANLEY-MAYS DES:PAYMENT ID:XXXXX00000193 INDN:{{PERSON_NAME+LOCATION}} CO ID:XXXXX00000048 WEB,-100.00,"82,606.67"
11/12/2025,STANLEY-MAYS DES:PAYMENT ID:XXXXX00000194 INDN:{{PERSON_NAME+LOCATION}} CO ID:XXXXX00000048 WEB,-60.00,"82,546.67"
11/14/2025,"HERNANDEZ, COHEN AND KING DES:PAYROLL ID:XXXXX00000195K43 INDN:{{PERSON_NAME+LOCATION}} CO ID:XXXXX00000055 PPD","4,779.41","87,326.08"
11/17/2025,MATHEWS-GARDNER WILDLIFE.CA.G CA,-64.54,"87,261.54"
11/19/2025,{{MERCHANT+BANK_ID+BANK_ID}} BANCO NACIONAL PETERTOWN,-302.61,"86,958.93"
11/19/2025,{{MERCHANT+BANK_ID+BANK_ID}} BANCO NACIONAL PETERTOWN INTERNATIONAL TRANSACTION FEE,-9.08,"86,949.85"
11/19/2025,{{MERCHANT+BANK_ID+BANK_ID}} BANCO NACIONAL PETERTOWN FEE,-5.00,"86,944.85"
11/20/2025,{{MERCHANT+BANK_ID}} WITHDRWL PUN-EAST MOORECHESTER JACOBLAND TE SAN JOSE,"-1,016.20","85,928.65"
11/20/2025,{{MERCHANT+LOCATION}} OF AMERICA CREDIT CARD Bill Payment,"-5,061.38","80,867.27"
11/20/2025,{{MERCHANT+BANK_ID}} WITHDRWL PUN-EAST MOORECHESTER JACOBLAND TE SAN JOSE INTERNATIONAL TRANSACTION FEE,-30.49,"80,836.78"
11/20/2025,{{MERCHANT+BANK_ID}} WITHDRWL PUN-EAST MOORECHESTER JACOBLAND TE SAN JOSE FEE,-5.00,"80,831.78"
11/21/2025,{{MERCHANT+LOCATION}} OF AMERICA CREDIT CARD Bill Payment,"-3,846.96","76,984.82"
11/24/2025,{{MERCHANT+BANK_ID}} WITHDRWL LAFISE SUPER LA H PETERTOWN,-210.75,"76,774.07"
11/24/2025,{{MERCHANT+BANK_ID}} WITHDRWL LAFISE SUPER LA H PETERTOWN,-210.75,"76,563.32"
11/24/2025,{{MERCHANT+BANK_ID}} WITHDRWL LAFISE SUPER LA H PETERTOWN,-210.75,"76,352.57"
11/24/2025,BUCHANAN LTD DES:ACH PMT ID:A1518 INDN:{{PERSON_NAME+LOCATION}} CO ID:XXXXX00000058 WEB,"-1,308.32","75,044.25"
11/24/2025,EVANS-KELLY DES:PCS SVC ID:00000196 INDN:{{PERSON_NAME+LOCATION}} CO ID:XXXXX00000063 WEB,-236.00,"74,808.25"
11/24/2025,STANLEY-MAYS DES:PAYMENT ID:XXXXX00000197 INDN:{{PERSON_NAME+LOCATION}} CO ID:XXXXX00000048 WEB,-200.00,"74,608.25"
11/24/2025,{{MERCHANT+BANK_ID}} WITHDRWL LAFISE SUPER LA H PETERTOWN INTERNATIONAL TRANSACTION FEE,-6.32,"74,601.93"
11/24/2025,{{MERCHANT+BANK_ID}} WITHDRWL LAFISE SUPER LA H PETERTOWN INTERNATIONAL TRANSACTION FEE,-6.32,"74,595.61"
11/24/2025,{{MERCHANT+BANK_ID}} WITHDRWL LAFISE SUPER LA H PETERTOWN INTERNATIONAL TRANSACTION FEE,-6.32,"74,589.29"
11/24/2025,{{MERCHANT+BANK_ID}} WITHDRWL LAFISE SUPER LA H PETERTOWN FEE,-5.00,"74,584.29"
11/24/2025,{{MERCHANT+BANK_ID}} WITHDRWL LAFISE SUPER LA H PETERTOWN FEE,-5.00,"74,579.29"
11/24/2025,{{MERCHANT+BANK_ID}} WITHDRWL LAFISE SUPER LA H PETERTOWN FEE,-5.00,"74,574.29"
11/25/2025,STANLEY-MAYS DES:PAYMENT ID:XXXXX00000198 INDN:{{PERSON_NAME+LOCATION}} CO ID:XXXXX00000048 WEB,-30.00,"74,544.29"
11/26/2025,NELSON-FORD DES:INST XFER ID:DANIELGREW INDN:{{PERSON_NAME+LOCATION}} CO ID:PAYPALSI77 WEB,-790.00,"73,754.29"
